"Date","Year","Quarter","Month_Number","Month_Name","Day_of_Month","Day_of_Week","Day_of_Week_Name","Units_Sold","Revenue","COGS","Gross_Profit","Gross_Margin"
"2025-01-01",2025,1,1,January,1,4,Wednesday,1503,25100.440000000028,14145.970000000008,10954.470000000012,0.4364254172436818
"2025-01-02",2025,1,1,January,2,5,Thursday,1631,27566.440000000046,15616.990000000003,11949.450000000004,0.4334781712836327
"2025-01-03",2025,1,1,January,3,6,Friday,1559,27401.570000000043,15423.729999999987,11977.84,0.4371223984611094
"2025-01-04",2025,1,1,January,4,7,Saturday,1570,27282.15000000004,15423.680000000002,11858.470000000005,0.43466039150140245
"2025-01-05",2025,1,1,January,5,1,Sunday,1599,29584.390000000025,16797.940000000006,12786.450000000008,0.4322025906229602
"2025-01-06",2025,1,1,January,6,2,Monday,1459,26822.69000000004,15164.340000000007,11658.349999999999,0.43464507102009464
"2025-01-07",2025,1,1,January,7,3,Tuesday,1543,27314.39000000004,15280.159999999982,12034.230000000001,0.4405820521710345
"2025-01-08",2025,1,1,January,8,4,Wednesday,1468,25032.740000000038,14286.890000000007,10745.850000000015,0.4292718256171717
"2025-01-09",2025,1,1,January,9,5,Thursday,1516,25649.590000000022,14515.260000000015,11134.330000000007,0.4340938783037077
"2025-01-10",2025,1,1,January,10,6,Friday,1505,25719.38000000005,14397.279999999997,11322.100000000019,0.440216677073864
"2025-01-11",2025,1,1,January,11,7,Saturday,1607,28021.750000000044,15918.289999999997,12103.460000000003,0.4319309108103521
"2025-01-12",2025,1,1,January,12,1,Sunday,1498,25542.900000000052,14342.560000000005,11200.340000000013,0.43849132244185235
"2025-01-13",2025,1,1,January,13,2,Monday,1584,26768.15000000001,14950.509999999987,11817.639999999992,0.4414813873950941
"2025-01-14",2025,1,1,January,14,3,Tuesday,1524,26872.210000000014,15259.17000000001,11613.040000000005,0.432157980307537
"2025-01-15",2025,1,1,January,15,4,Wednesday,1473,24337.460000000032,13813.860000000006,10523.60000000001,0.43240338145393953
"2025-01-16",2025,1,1,January,16,5,Thursday,1655,28901.640000000032,16149.320000000005,12752.320000000007,0.44123170865044314
"2025-01-17",2025,1,1,January,17,6,Friday,1583,27479.77000000001,15409.14,12070.63000000001,0.4392551320480486
"2025-01-18",2025,1,1,January,18,7,Saturday,1544,25871.5,14819.400000000009,11052.1,0.42719208395338504
"2025-01-19",2025,1,1,January,19,1,Sunday,1470,26218.990000000005,14852.990000000009,11366.000000000005,0.4335025872468773
"2025-01-20",2025,1,1,January,20,2,Monday,1546,26223.45000000001,14655.039999999994,11568.410000000005,0.4411475225418471
"2025-01-21",2025,1,1,January,21,3,Tuesday,1597,27524.650000000012,15527.060000000001,11997.590000000015,0.4358852882779621
"2025-01-22",2025,1,1,January,22,4,Wednesday,1436,25343.80000000001,14230.049999999992,11113.75000000001,0.4385194801095339
"2025-01-23",2025,1,1,January,23,5,Thursday,1498,26809.19999999998,15003.829999999984,11805.370000000006,0.4403477164555457
"2025-01-24",2025,1,1,January,24,6,Friday,1788,31402.01000000003,17802.250000000007,13599.760000000022,0.4330856527973849
"2025-01-25",2025,1,1,January,25,7,Saturday,1627,27662.56000000002,15633.120000000008,12029.440000000008,0.4348635845706254
"2025-01-26",2025,1,1,January,26,1,Sunday,1470,25669.290000000026,14456.540000000005,11212.75000000001,0.4368157436376307
"2025-01-27",2025,1,1,January,27,2,Monday,1465,25479.85000000002,14360.019999999997,11119.829999999994,0.4364166194070996
"2025-01-28",2025,1,1,January,28,3,Tuesday,1443,25105.93,14184.200000000004,10921.729999999998,0.43502590822168297
"2025-01-29",2025,1,1,January,29,4,Wednesday,1584,26885.88000000005,15397.769999999997,11488.109999999995,0.42729157461091005
"2025-01-30",2025,1,1,January,30,5,Thursday,1764,30608.989999999998,17320.34999999999,13288.640000000001,0.4341417341767893
"2025-01-31",2025,1,1,January,31,6,Friday,1590,28876.170000000006,16415.229999999985,12460.940000000008,0.43153022024735294
"2025-02-01",2025,1,2,February,1,7,Saturday,1561,27599.94000000005,15460.759999999987,12139.180000000011,0.4398263184630108
"2025-02-02",2025,1,2,February,2,1,Sunday,1596,28026.370000000086,15888.629999999988,12137.739999999998,0.4330828430510252
"2025-02-03",2025,1,2,February,3,2,Monday,1533,25784.480000000047,14706.809999999992,11077.669999999996,0.4296254956469929
"2025-02-04",2025,1,2,February,4,3,Tuesday,1621,28826.870000000046,16247.470000000007,12579.400000000001,0.4363775879934235
"2025-02-05",2025,1,2,February,5,4,Wednesday,1637,27992.48000000003,15619.930000000002,12372.550000000012,0.4419954930752831
"2025-02-06",2025,1,2,February,6,5,Thursday,1479,26425.410000000018,14921.169999999986,11504.240000000005,0.4353476445587787
"2025-02-07",2025,1,2,February,7,6,Friday,1480,25718.070000000018,14430.42,11287.649999999996,0.43889957527917095
"2025-02-08",2025,1,2,February,8,7,Saturday,1541,26532.290000000037,14988.720000000001,11543.57,0.43507627875317145
"2025-02-09",2025,1,2,February,9,1,Sunday,1737,31937.36000000006,17866.31999999998,14071.040000000006,0.4405824401265471
"2025-02-10",2025,1,2,February,10,2,Monday,1613,28464.85000000003,15973.13000000001,12491.720000000005,0.4388472098043725
"2025-02-11",2025,1,2,February,11,3,Tuesday,1582,27151.690000000053,15357.62,11794.070000000009,0.4343770129962439
"2025-02-12",2025,1,2,February,12,4,Wednesday,1569,26183.710000000025,14913.749999999989,11269.96000000001,0.43041876036665544
"2025-02-13",2025,1,2,February,13,5,Thursday,1579,26872.08000000003,15222.15999999999,11649.919999999996,0.43353249915897774
"2025-02-14",2025,1,2,February,14,6,Friday,1579,27756.370000000003,15739.260000000006,12017.110000000004,0.43294962561747097
"2025-02-15",2025,1,2,February,15,7,Saturday,1588,27752.660000000054,15564.249999999995,12188.410000000009,0.4391798840183242
"2025-02-16",2025,1,2,February,16,1,Sunday,1527,27258.16000000003,15454.269999999995,11803.890000000007,0.43304060141990486
"2025-02-17",2025,1,2,February,17,2,Monday,1606,29077.400000000034,16298.019999999986,12779.380000000014,0.43949527811977684
"2025-02-18",2025,1,2,February,18,3,Tuesday,1606,25942.380000000023,14618.019999999991,11324.360000000013,0.43651970250994715
"2025-02-19",2025,1,2,February,19,4,Wednesday,1449,24671.860000000033,13915.719999999992,10756.14,0.43596794080381396
"2025-02-20",2025,1,2,February,20,5,Thursday,1476,26361.970000000005,14883.749999999995,11478.220000000001,0.43540827942676513
"2025-02-21",2025,1,2,February,21,6,Friday,1557,27368.620000000006,15386.71,11981.910000000003,0.4377973752421569
"2025-02-22",2025,1,2,February,22,7,Saturday,1527,25368.99,14335.649999999998,11033.34000000001,0.43491443687746373
"2025-02-23",2025,1,2,February,23,1,Sunday,1477,25984.030000000006,14653.970000000005,11330.060000000016,0.4360393672575044
"2025-02-24",2025,1,2,February,24,2,Monday,1623,27299.01000000003,15443.410000000007,11855.600000000002,0.43428681113344364
"2025-02-25",2025,1,2,February,25,3,Tuesday,1535,27552.000000000036,15443.289999999999,12108.710000000012,0.4394856997677118
"2025-02-26",2025,1,2,February,26,4,Wednesday,1570,28077.390000000014,15756.740000000009,12320.649999999998,0.4388103737562498
"2025-02-27",2025,1,2,February,27,5,Thursday,1612,27973.519999999957,15624.65,12348.869999999994,0.44144855563404295
"2025-02-28",2025,1,2,February,28,6,Friday,1585,28017.09000000006,15640.280000000004,12376.809999999994,0.4417592976286962
"2025-03-01",2025,1,3,March,1,7,Saturday,1514,26051.25,14592.639999999994,11458.61,0.43984875965644643
"2025-03-02",2025,1,3,March,2,1,Sunday,1486,25933.539999999983,14717.820000000005,11215.720000000001,0.43247932985624055
"2025-03-03",2025,1,3,March,3,2,Monday,1516,25908.20000000003,14707.240000000002,11200.960000000014,0.432332620560286
"2025-03-04",2025,1,3,March,4,3,Tuesday,1537,26331.65000000002,14849.099999999995,11482.550000000005,0.43607407815309696
"2025-03-05",2025,1,3,March,5,4,Wednesday,1597,27422.600000000046,15494.929999999998,11927.670000000002,0.4349576626578071
"2025-03-06",2025,1,3,March,6,5,Thursday,1570,26830.8,15145.539999999999,11685.260000000013,0.4355166450497195
"2025-03-07",2025,1,3,March,7,6,Friday,1549,27129.300000000014,15230.000000000002,11899.300000000007,0.4386143394779814
"2025-03-08",2025,1,3,March,8,7,Saturday,1640,28819.54000000003,16276.709999999995,12542.83000000001,0.435219646115101
"2025-03-09",2025,1,3,March,9,1,Sunday,1604,28893.160000000033,16119.949999999986,12773.210000000003,0.44208421647199503
"2025-03-10",2025,1,3,March,10,2,Monday,1514,24939.12000000004,14111.619999999986,10827.499999999995,0.43415725975896413
"2025-03-11",2025,1,3,March,11,3,Tuesday,1512,26616.840000000022,14968.360000000008,11648.480000000016,0.437635722347206
"2025-03-12",2025,1,3,March,12,4,Wednesday,1587,28548.04000000003,16193.909999999989,12354.129999999992,0.4327487981661781
"2025-03-13",2025,1,3,March,13,5,Thursday,1463,25800.300000000014,14476.02,11324.280000000015,0.43892047766886466
"2025-03-14",2025,1,3,March,14,6,Friday,1508,26271.949999999993,14732.059999999992,11539.890000000003,0.43924756251439295
"2025-03-15",2025,1,3,March,15,7,Saturday,1404,24418.92000000003,13755.70000000001,10663.220000000007,0.4366786082267354
"2025-03-16",2025,1,3,March,16,1,Sunday,1691,28520.87999999999,16142.250000000004,12378.629999999996,0.4340199180389946
"2025-03-17",2025,1,3,March,17,2,Monday,1471,25764.250000000036,14679.25,11085.000000000002,0.4302473388513148
"2025-03-18",2025,1,3,March,18,3,Tuesday,1560,27233.74000000002,15392.510000000004,11841.230000000012,0.4347999944186881
"2025-03-19",2025,1,3,March,19,4,Wednesday,1603,27484.14,15442.779999999988,12041.360000000019,0.43812031229647425
"2025-03-20",2025,1,3,March,20,5,Thursday,1565,27436.510000000002,15342.820000000007,12093.690000000004,0.4407882052053998
"2025-03-21",2025,1,3,March,21,6,Friday,1627,27025.220000000027,15467.029999999986,11558.190000000006,0.42768162479343347
"2025-03-22",2025,1,3,March,22,7,Saturday,1700,29303.000000000033,16529.700000000008,12773.300000000014,0.4359041736340989
"2025-03-23",2025,1,3,March,23,1,Sunday,1467,26182.320000000036,14690.149999999987,11492.17000000001,0.4389286358122578
"2025-03-24",2025,1,3,March,24,2,Monday,1555,26841.770000000062,15083.97999999998,11757.79,0.43804078494078347
"2025-03-25",2025,1,3,March,25,3,Tuesday,1606,28744.170000000002,16132.42,12611.75,0.43875853781827756
"2025-03-26",2025,1,3,March,26,4,Wednesday,1655,27481.53000000004,15487.429999999991,11994.10000000001,0.43644222137559274
"2025-03-27",2025,1,3,March,27,5,Thursday,1613,27911.860000000004,15852.900000000005,12058.96000000001,0.4320371340354963
"2025-03-28",2025,1,3,March,28,6,Friday,1583,26996.770000000008,15191.64000000001,11805.130000000006,0.4372793486035553
"2025-03-29",2025,1,3,March,29,7,Saturday,1682,28960.52000000005,16129.51,12831.010000000011,0.44305178221937963
"2025-03-30",2025,1,3,March,30,1,Sunday,1663,28267.890000000036,15935.200000000003,12332.690000000011,0.436279113863822
"2025-03-31",2025,1,3,March,31,2,Monday,1594,29193.22,16288.370000000006,12904.849999999995,0.44204955808232166
"2025-04-01",2025,2,4,April,1,3,Tuesday,1674,28059.080000000056,15921.990000000014,12137.09,0.43255480935226587
"2025-04-02",2025,2,4,April,2,4,Wednesday,1563,27720.82000000003,15727.989999999987,11992.83,0.43262897706489156
"2025-04-03",2025,2,4,April,3,5,Thursday,1546,28021.420000000024,15621.939999999995,12399.480000000016,0.4425000588835257
"2025-04-04",2025,2,4,April,4,6,Friday,1581,27267.42000000007,15578.529999999993,11688.89000000001,0.42867605369338135
"2025-04-05",2025,2,4,April,5,7,Saturday,1633,28621.60000000002,16107.230000000014,12514.37000000001,0.43723516505017196
"2025-04-06",2025,2,4,April,6,1,Sunday,1615,28504.840000000044,16140.539999999977,12364.30000000001,0.4337614243756496
"2025-04-07",2025,2,4,April,7,2,Monday,1507,25676.160000000036,14459.319999999994,11216.840000000006,0.43685815947555984
"2025-04-08",2025,2,4,April,8,3,Tuesday,1547,25814.910000000033,14538.760000000002,11276.150000000001,0.436807643334801
"2025-04-09",2025,2,4,April,9,4,Wednesday,1611,28055.74000000003,15751.260000000015,12304.480000000005,0.4385726414630301
"2025-04-10",2025,2,4,April,10,5,Thursday,1511,25742.160000000014,14664.520000000002,11077.64000000001,0.4303306327052588
"2025-04-11",2025,2,4,April,11,6,Friday,1515,26139.210000000046,14820.86,11318.350000000017,0.43300275716060266
"2025-04-12",2025,2,4,April,12,7,Saturday,1562,28208.770000000044,15826.000000000004,12382.770000000006,0.43896880296446766
"2025-04-13",2025,2,4,April,13,1,Sunday,1371,22821.06000000004,13037.010000000007,9784.050000000012,0.4287289898015252
"2025-04-14",2025,2,4,April,14,2,Monday,1582,26956.840000000047,15303.030000000012,11653.810000000003,0.43231365397427823
"2025-04-15",2025,2,4,April,15,3,Tuesday,1537,26764.920000000042,15201.389999999996,11563.530000000019,0.4320405216978045
"2025-04-16",2025,2,4,April,16,4,Wednesday,1650,29538.140000000025,16495.709999999995,13042.43000000002,0.4415454053640483
"2025-04-17",2025,2,4,April,17,5,Thursday,1535,26258.700000000033,14694.580000000025,11564.120000000004,0.4403919462882774
"2025-04-18",2025,2,4,April,18,6,Friday,1484,24935.17999999999,14126.880000000014,10808.300000000003,0.4334558643651262
"2025-04-19",2025,2,4,April,19,7,Saturday,1498,25815.230000000003,14535.760000000007,11279.470000000012,0.4369308350148347
"2025-04-20",2025,2,4,April,20,1,Sunday,1641,27826.910000000036,15711.590000000017,12115.320000000005,0.4353814347335004
"2025-04-21",2025,2,4,April,21,2,Monday,1553,26099.450000000015,14704.900000000001,11394.55000000001,0.4365819969386329
"2025-04-22",2025,2,4,April,22,3,Tuesday,1609,28984.510000000042,16136.829999999984,12847.67999999999,0.4432602103675367
"2025-04-23",2025,2,4,April,23,4,Wednesday,1446,25403.96000000004,14246.46,11157.500000000002,0.4392031793468414
"2025-04-24",2025,2,4,April,24,5,Thursday,1559,28077.700000000008,15814.270000000011,12263.430000000024,0.4367676127318128
"2025-04-25",2025,2,4,April,25,6,Friday,1492,25706.00000000005,14396.269999999993,11309.729999999996,0.43996459970434815
"2025-04-26",2025,2,4,April,26,7,Saturday,1552,28061.10000000003,15798.380000000003,12262.720000000016,0.4370006877848695
"2025-04-27",2025,2,4,April,27,1,Sunday,1522,25625.400000000034,14401.220000000001,11224.18000000001,0.43800994325942205
"2025-04-28",2025,2,4,April,28,2,Monday,1553,27969.370000000046,15649.210000000001,12320.160000000027,0.4404875762307126
"2025-04-29",2025,2,4,April,29,3,Tuesday,1564,26968.440000000002,15347.570000000009,11620.870000000004,0.4309062741485975
"2025-04-30",2025,2,4,April,30,4,Wednesday,1521,26451.96000000003,14750.200000000003,11701.760000000011,0.44237780489612105
"2025-05-01",2025,2,5,May,1,5,Thursday,1511,26677.700000000008,15013.800000000003,11663.900000000007,0.43721535214804885
"2025-05-02",2025,2,5,May,2,6,Friday,1644,29021.68000000003,16253.809999999987,12767.87,0.43994248437719624
"2025-05-03",2025,2,5,May,3,7,Saturday,1578,27578.08000000001,15497.769999999984,12080.310000000014,0.4380402841677162
"2025-05-04",2025,2,5,May,4,1,Sunday,1540,26068.69000000002,14812.329999999982,11256.359999999995,0.4317961508614352
"2025-05-05",2025,2,5,May,5,2,Monday,1485,25723.05000000002,14484.279999999992,11238.769999999991,0.43691436279912305
"2025-05-06",2025,2,5,May,6,3,Tuesday,1561,26955.670000000024,15375.840000000002,11579.830000000014,0.4295879123019389
"2025-05-07",2025,2,5,May,7,4,Wednesday,1631,27307.180000000022,15440.659999999996,11866.519999999997,0.43455677224817746
"2025-05-08",2025,2,5,May,8,5,Thursday,1511,27159.240000000023,15496.59,11662.650000000005,0.4294173916501344
"2025-05-09",2025,2,5,May,9,6,Friday,1361,25301.08999999999,13965.879999999996,11335.210000000006,0.44801271407674575
"2025-05-10",2025,2,5,May,10,7,Saturday,1457,25511.540000000048,14513.490000000002,10998.049999999996,0.4311009841036635
"2025-05-11",2025,2,5,May,11,1,Sunday,1544,27023.939999999973,15293.58,11730.359999999997,0.43407289980661623
"2025-05-12",2025,2,5,May,12,2,Monday,1615,27821.670000000013,15653.569999999987,12168.100000000008,0.43736051789845837
"2025-05-13",2025,2,5,May,13,3,Tuesday,1626,29493.53000000007,16678.619999999995,12814.91000000001,0.43449902402323426
"2025-05-14",2025,2,5,May,14,4,Wednesday,1544,25979.620000000054,14765.909999999996,11213.71,0.43163487379722937
"2025-05-15",2025,2,5,May,15,5,Thursday,1572,27029.16000000001,15216.129999999996,11813.030000000013,0.4370476182019718
"2025-05-16",2025,2,5,May,16,6,Friday,1561,26768.219999999994,15225.079999999994,11543.140000000021,0.43122553535498526
"2025-05-17",2025,2,5,May,17,7,Saturday,1607,27767.81000000005,15718.959999999992,12048.850000000013,0.4339143058094964
"2025-05-18",2025,2,5,May,18,1,Sunday,1603,27834.270000000033,15709.01,12125.260000000015,0.4356234239302845
"2025-05-19",2025,2,5,May,19,2,Monday,1498,26597.830000000005,14978.630000000005,11619.199999999999,0.4368476676480749
"2025-05-20",2025,2,5,May,20,3,Tuesday,1566,25813.750000000015,14371.160000000014,11442.589999999995,0.4432749987894044
"2025-05-21",2025,2,5,May,21,4,Wednesday,1543,26457.520000000008,14796.830000000013,11660.690000000006,0.4407325403136803
"2025-05-22",2025,2,5,May,22,5,Thursday,1697,29803.810000000056,16756.970000000005,13046.840000000011,0.43775745449994435
"2025-05-23",2025,2,5,May,23,6,Friday,1559,26339.350000000006,15026.529999999995,11312.82000000001,0.4295026262986751
"2025-05-24",2025,2,5,May,24,7,Saturday,1746,30762.970000000056,17287.609999999993,13475.36000000001,0.4380383298491656
"2025-05-25",2025,2,5,May,25,1,Sunday,1505,26628.730000000014,14942.130000000001,11686.599999999999,0.43887185006569945
"2025-05-26",2025,2,5,May,26,2,Monday,1594,28199.390000000032,15937.390000000009,12262.000000000011,0.4348321009780707
"2025-05-27",2025,2,5,May,27,3,Tuesday,1440,24891.42,13984.8,10906.620000000003,0.4381678506087641
"2025-05-28",2025,2,5,May,28,4,Wednesday,1603,27708.290000000005,15543.13,12165.160000000009,0.439044055046342
"2025-05-29",2025,2,5,May,29,5,Thursday,1555,27163.939999999973,15163.550000000003,12000.390000000007,0.44177648750512694
"2025-05-30",2025,2,5,May,30,6,Friday,1520,26992.200000000048,15229.689999999995,11762.509999999997,0.4357744089033119
"2025-05-31",2025,2,5,May,31,7,Saturday,1558,27418.47000000002,15513.989999999982,11904.480000000014,0.4341773993953713
"2025-06-01",2025,2,6,June,1,1,Sunday,1620,28764.040000000074,16215.909999999996,12548.130000000021,0.43624365701062817
"2025-06-02",2025,2,6,June,2,2,Monday,1599,27630.89000000004,15488.300000000007,12142.590000000002,0.439457071415361
"2025-06-03",2025,2,6,June,3,3,Tuesday,1544,27279.87000000005,15292.509999999997,11987.360000000008,0.4394214488558775
"2025-06-04",2025,2,6,June,4,4,Wednesday,1616,28318.010000000057,15947.070000000018,12370.940000000017,0.4368576746741735
"2025-06-05",2025,2,6,June,5,5,Thursday,1548,26536.020000000037,14930.260000000002,11605.759999999987,0.4373587297567597
"2025-06-06",2025,2,6,June,6,6,Friday,1587,27185.30000000001,15268.829999999994,11916.47000000002,0.438342412995259
"2025-06-07",2025,2,6,June,7,7,Saturday,1572,26876.690000000068,15230.469999999996,11646.220000000018,0.43332047212658953
"2025-06-08",2025,2,6,June,8,1,Sunday,1566,27670.040000000026,15590.220000000007,12079.820000000023,0.4365667704130537
"2025-06-09",2025,2,6,June,9,2,Monday,1537,27996.89000000001,15756.170000000015,12240.72000000001,0.43721713376021426
"2025-06-10",2025,2,6,June,10,3,Tuesday,1455,25989.85999999999,14648.179999999978,11341.680000000013,0.4363886531131764
"2025-06-11",2025,2,6,June,11,4,Wednesday,1560,27203.78000000005,15196.509999999998,12007.270000000002,0.44138241082672997
"2025-06-12",2025,2,6,June,12,5,Thursday,1693,29573.530000000028,16539.390000000003,13034.140000000001,0.4407366993389017
"2025-06-13",2025,2,6,June,13,6,Friday,1669,29240.570000000025,16483.67000000001,12756.89999999999,0.43627398508305343
"2025-06-14",2025,2,6,June,14,7,Saturday,1470,25302.850000000046,14231.000000000004,11071.85,0.43757323779732243
"2025-06-15",2025,2,6,June,15,1,Sunday,1679,29626.250000000047,16595.81,13030.44000000002,0.43982751782625207
"2025-06-16",2025,2,6,June,16,2,Monday,1553,26636.059999999983,14899.92,11736.140000000003,0.440610961230753
"2025-06-17",2025,2,6,June,17,3,Tuesday,1624,28586.50000000003,16105.380000000008,12481.120000000008,0.43660888881115195
"2025-06-18",2025,2,6,June,18,4,Wednesday,1532,26324.860000000055,14988.650000000003,11336.210000000001,0.4306275512956186
"2025-06-19",2025,2,6,June,19,5,Thursday,1485,25769.66000000001,14675.260000000007,11094.400000000005,0.4305217841446104
"2025-06-20",2025,2,6,June,20,6,Friday,1578,27461.99,15318.410000000009,12143.580000000014,0.44219592243679406
"2025-06-21",2025,2,6,June,21,7,Saturday,1585,28020.520000000088,15830.889999999998,12189.629999999994,0.43502511730688637
"2025-06-22",2025,2,6,June,22,1,Sunday,1488,25379.800000000007,14330.289999999997,11049.510000000015,0.43536631494338063
"2025-06-23",2025,2,6,June,23,2,Monday,1702,29599.05000000001,16484.160000000014,13114.890000000007,0.4430848287360575
"2025-06-24",2025,2,6,June,24,3,Tuesday,1659,28905.360000000026,16337.470000000003,12567.890000000018,0.43479444642792914
"2025-06-25",2025,2,6,June,25,4,Wednesday,1627,27662.520000000037,15627.749999999993,12034.770000000004,0.43505689286442406
"2025-06-26",2025,2,6,June,26,5,Thursday,1553,27800.87000000003,15748.889999999994,12051.980000000027,0.43351089372383
"2025-06-27",2025,2,6,June,27,6,Friday,1425,23795.22000000002,13459.96,10335.259999999987,0.43434185521293683
"2025-06-28",2025,2,6,June,28,7,Saturday,1520,26720.43000000001,14918.060000000005,11802.370000000008,0.4416983559022068
"2025-06-29",2025,2,6,June,29,1,Sunday,1647,28383.280000000042,16085.190000000002,12298.09000000002,0.43328642778424487
"2025-06-30",2025,2,6,June,30,2,Monday,1536,25066.590000000033,14127.699999999993,10938.890000000007,0.4363932230111871
"2025-07-01",2025,3,7,July,1,3,Tuesday,1533,27204.37000000003,15334.919999999987,11869.45,0.43630674042442397
"2025-07-02",2025,3,7,July,2,4,Wednesday,1541,26880.860000000048,15174.800000000005,11706.060000000005,0.43547937082370075
"2025-07-03",2025,3,7,July,3,5,Thursday,1553,27502.750000000015,15462.79999999999,12039.950000000015,0.4377725863777262
"2025-07-04",2025,3,7,July,4,6,Friday,1569,28310.08000000003,15818.239999999978,12491.840000000013,0.4412506075574495
"2025-07-05",2025,3,7,July,5,7,Saturday,1583,28294.289999999997,15934.769999999991,12359.520000000006,0.4368202913025917
"2025-07-06",2025,3,7,July,6,1,Sunday,1615,27419.280000000006,15500.799999999976,11918.480000000007,0.43467516287809177
"2025-07-07",2025,3,7,July,7,2,Monday,1508,26419.77000000003,14712.229999999992,11707.540000000017,0.4431355761234865
"2025-07-08",2025,3,7,July,8,3,Tuesday,1559,27128.34000000003,15297.479999999989,11830.860000000008,0.4361070378799438
"2025-07-09",2025,3,7,July,9,4,Wednesday,1518,25879.590000000007,14527.090000000004,11352.500000000004,0.4386661457928816
"2025-07-10",2025,3,7,July,10,5,Thursday,1463,25048.84,14037.01,11011.830000000009,0.439614369368003
"2025-07-11",2025,3,7,July,11,6,Friday,1591,28865.060000000027,16088.99000000001,12776.070000000009,0.44261366510237626
"2025-07-12",2025,3,7,July,12,7,Saturday,1650,28149.590000000047,16040.030000000004,12109.560000000009,0.4301860169188961
"2025-07-13",2025,3,7,July,13,1,Sunday,1506,26378.79000000003,14949.159999999994,11429.63000000001,0.4332886383340554
"2025-07-14",2025,3,7,July,14,2,Monday,1506,25647.710000000006,14428.219999999998,11219.489999999994,0.43744607218344217
"2025-07-15",2025,3,7,July,15,3,Tuesday,1503,25816.20000000001,14536.719999999996,11279.480000000001,0.4369148054322478
"2025-07-16",2025,3,7,July,16,4,Wednesday,1453,25294.00000000003,14145.170000000016,11148.830000000002,0.44076974776626826
"2025-07-17",2025,3,7,July,17,5,Thursday,1537,27230.48000000003,15347.560000000007,11882.920000000013,0.43638305310813474
"2025-07-18",2025,3,7,July,18,6,Friday,1602,27381.18999999998,15396.309999999989,11984.880000000008,0.43770486235258643
"2025-07-19",2025,3,7,July,19,7,Saturday,1509,26224.780000000028,14766.879999999997,11457.900000000009,0.4369111962045057
"2025-07-20",2025,3,7,July,20,1,Sunday,1508,26434.840000000015,14916.979999999992,11517.859999999995,0.435707573792767
"2025-07-21",2025,3,7,July,21,2,Monday,1513,26830.180000000008,15197.159999999982,11633.019999999999,0.4335796479934162
"2025-07-22",2025,3,7,July,22,3,Tuesday,1592,28600.520000000033,16091.020000000008,12509.50000000001,0.4373871524014247
"2025-07-23",2025,3,7,July,23,4,Wednesday,1680,26712.05000000004,15184.470000000016,11527.580000000024,0.43154980617361854
"2025-07-24",2025,3,7,July,24,5,Thursday,1541,25245.040000000023,14188.409999999998,11056.630000000008,0.4379723700180312
"2025-07-25",2025,3,7,July,25,6,Friday,1586,27085.80000000003,15272.419999999982,11813.380000000021,0.4361466155697823
"2025-07-26",2025,3,7,July,26,7,Saturday,1524,27562.770000000033,15616.070000000003,11946.700000000006,0.4334361169069724
"2025-07-27",2025,3,7,July,27,1,Sunday,1591,27937.56000000002,15538.479999999994,12399.08,0.4438139909140237
"2025-07-28",2025,3,7,July,28,2,Monday,1647,28945.680000000008,16248.54000000001,12697.140000000005,0.43865405822215964
"2025-07-29",2025,3,7,July,29,3,Tuesday,1557,27587.050000000014,15643.579999999987,11943.470000000007,0.4329375558459495
"2025-07-30",2025,3,7,July,30,4,Wednesday,1577,27624.960000000046,15379.390000000014,12245.570000000012,0.44327919388842524
"2025-07-31",2025,3,7,July,31,5,Thursday,1588,26189.450000000055,14695.749999999993,11493.7,0.43886755926527576
"2025-08-01",2025,3,8,August,1,6,Friday,1372,24317.32000000003,13722.939999999999,10594.380000000003,0.4356721875601419
"2025-08-02",2025,3,8,August,2,7,Saturday,1519,26199.50000000001,14618.490000000009,11581.01000000001,0.44203171816256054
"2025-08-03",2025,3,8,August,3,1,Sunday,1519,26134.310000000016,14753.169999999995,11381.140000000007,0.4354865309242907
"2025-08-04",2025,3,8,August,4,2,Monday,1444,26008.430000000033,14599.950000000004,11408.479999999994,0.43864546994955017
"2025-08-05",2025,3,8,August,5,3,Tuesday,1574,28006.38000000002,15930.190000000015,12076.19000000001,0.4311942493103358
"2025-08-06",2025,3,8,August,6,4,Wednesday,1382,24417.769999999997,13787.710000000012,10630.060000000001,0.43534114704168325
"2025-08-07",2025,3,8,August,7,5,Thursday,1448,25532.040000000055,14292.410000000013,11239.630000000008,0.4402166846049115
"2025-08-08",2025,3,8,August,8,6,Friday,1456,26264.739999999987,14717.580000000013,11547.159999999982,0.43964493842314784
"2025-08-09",2025,3,8,August,9,7,Saturday,1552,26596.140000000047,15058.550000000008,11537.590000000015,0.43380693589370467
"2025-08-10",2025,3,8,August,10,1,Sunday,1689,29713.47000000004,16714.65,12998.820000000009,0.4374722979174089
"2025-08-11",2025,3,8,August,11,2,Monday,1473,24987.549999999985,14300.889999999981,10686.660000000009,0.42767938433339864
"2025-08-12",2025,3,8,August,12,3,Tuesday,1614,28091.500000000015,15866.929999999984,12224.570000000023,0.43516971325845955
"2025-08-13",2025,3,8,August,13,4,Wednesday,1585,27113.970000000016,15281.039999999997,11832.93000000001,0.4364145125188234
"2025-08-14",2025,3,8,August,14,5,Thursday,1436,25329.890000000007,14303.88999999999,11026.000000000005,0.4352960079968765
"2025-08-15",2025,3,8,August,15,6,Friday,1618,28171.890000000018,15878.62000000001,12293.27,0.4363665341586948
"2025-08-16",2025,3,8,August,16,7,Saturday,1640,28326.96000000003,15946.400000000001,12380.560000000005,0.4370592537992073
"2025-08-17",2025,3,8,August,17,1,Sunday,1463,25472.40000000002,14286.58999999999,11185.810000000007,0.4391345142193118
"2025-08-18",2025,3,8,August,18,2,Monday,1436,25607.080000000016,14472.500000000002,11134.580000000027,0.4348242751614015
"2025-08-19",2025,3,8,August,19,3,Tuesday,1606,28615.45000000003,16070.65000000001,12544.80000000001,0.438392546683697
"2025-08-20",2025,3,8,August,20,4,Wednesday,1458,25011.35999999999,14010.909999999994,11000.450000000013,0.4398181466341701
"2025-08-21",2025,3,8,August,21,5,Thursday,1464,25282.69000000004,14225.449999999997,11057.239999999998,0.43734428575440276
"2025-08-22",2025,3,8,August,22,6,Friday,1674,29334.359999999986,16662.690000000002,12671.670000000015,0.4319736309229184
"2025-08-23",2025,3,8,August,23,7,Saturday,1506,26474.01000000002,14763.569999999998,11710.440000000004,0.4423372205419578
"2025-08-24",2025,3,8,August,24,1,Sunday,1429,24649.80000000003,13860.230000000003,10789.570000000014,0.437714301941598
"2025-08-25",2025,3,8,August,25,2,Monday,1630,28566.14000000005,16297.529999999997,12268.610000000017,0.4294808469047619
"2025-08-26",2025,3,8,August,26,3,Tuesday,1515,26310.199999999997,14768.160000000014,11542.039999999995,0.43869069790423476
"2025-08-27",2025,3,8,August,27,4,Wednesday,1511,25650.78000000003,14557.200000000008,11093.579999999993,0.43248509402053187
"2025-08-28",2025,3,8,August,28,5,Thursday,1403,24557.82000000001,13922.290000000014,10635.53,0.4330811936890162
"2025-08-29",2025,3,8,August,29,6,Friday,1579,27141.67,15168.740000000005,11972.930000000013,0.4411272408809043
"2025-08-30",2025,3,8,August,30,7,Saturday,1568,27167.920000000013,15289.499999999984,11878.420000000004,0.437222282751127
"2025-08-31",2025,3,8,August,31,1,Sunday,1497,25470.450000000033,14275.549999999994,11194.900000000005,0.4395250182073733
"2025-09-01",2025,3,9,September,1,2,Monday,1466,26567.01000000001,14991.509999999986,11575.500000000016,0.4357095510559906
"2025-09-02",2025,3,9,September,2,3,Tuesday,1565,26806.270000000055,15182.089999999995,11624.180000000004,0.4336366081517488
"2025-09-03",2025,3,9,September,3,4,Wednesday,1586,28035.140000000014,15798.809999999994,12236.330000000004,0.4364640233649626
"2025-09-04",2025,3,9,September,4,5,Thursday,1593,27652.360000000015,15618.77999999999,12033.58000000001,0.4351737066926658
"2025-09-05",2025,3,9,September,5,6,Friday,1556,26839.730000000043,15172.230000000005,11667.500000000022,0.434710036203792
"2025-09-06",2025,3,9,September,6,7,Saturday,1512,26769.800000000017,15047.369999999992,11722.430000000008,0.4378975562013911
"2025-09-07",2025,3,9,September,7,1,Sunday,1521,26649.09000000003,15166.730000000001,11482.360000000015,0.43087249883579526
"2025-09-08",2025,3,9,September,8,2,Monday,1583,26377.550000000065,14769.460000000012,11608.090000000013,0.44007460890037114
"2025-09-09",2025,3,9,September,9,3,Tuesday,1546,27256.93000000002,15405.150000000003,11851.779999999999,0.43481712724066834
"2025-09-10",2025,3,9,September,10,4,Wednesday,1519,26497.710000000046,14847.689999999999,11650.02000000001,0.43966138960687506
"2025-09-11",2025,3,9,September,11,5,Thursday,1362,23542.510000000028,13093.780000000012,10448.730000000009,0.44382395929745794
"2025-09-12",2025,3,9,September,12,6,Friday,1502,26223.740000000016,14764.26999999999,11459.469999999994,0.43698839295996633
"2025-09-13",2025,3,9,September,13,7,Saturday,1604,27995.03000000003,15696.56,12298.469999999998,0.43930904878473015
"2025-09-14",2025,3,9,September,14,1,Sunday,1612,29756.020000000048,16711.259999999987,13044.760000000002,0.4383906181001351
"2025-09-15",2025,3,9,September,15,2,Monday,1748,29942.450000000023,16784.489999999998,13157.960000000014,0.4394416622554268
"2025-09-16",2025,3,9,September,16,3,Tuesday,1578,27447.070000000018,15486.299999999996,11960.769999999988,0.4357758405542005
"2025-09-17",2025,3,9,September,17,4,Wednesday,1502,26605.800000000032,14916.310000000009,11689.490000000005,0.43935871125844705
"2025-09-18",2025,3,9,September,18,5,Thursday,1657,28493.810000000023,16099.800000000007,12394.009999999995,0.43497201672924696
"2025-09-19",2025,3,9,September,19,6,Friday,1479,25218.530000000042,14185.42,11033.110000000008,0.43750012391681786
"2025-09-20",2025,3,9,September,20,7,Saturday,1541,26682.320000000054,15017.919999999993,11664.400000000003,0.43715838802622786
"2025-09-21",2025,3,9,September,21,1,Sunday,1611,28260.370000000035,15965.34000000001,12295.030000000026,0.4350625982603912
"2025-09-22",2025,3,9,September,22,2,Monday,1622,27702.340000000033,15471.819999999989,12230.52000000001,0.4414977218530996
"2025-09-23",2025,3,9,September,23,3,Tuesday,1501,26213.850000000013,14882.409999999989,11331.440000000019,0.4322692012047072
"2025-09-24",2025,3,9,September,24,4,Wednesday,1459,25604.99,14447.339999999997,11157.65000000001,0.43576076381986517
"2025-09-25",2025,3,9,September,25,5,Thursday,1511,25736.490000000056,14412.719999999998,11323.770000000024,0.4399889029156656
"2025-09-26",2025,3,9,September,26,6,Friday,1480,25644.140000000025,14524.999999999996,11119.139999999998,0.43359379569757406
"2025-09-27",2025,3,9,September,27,7,Saturday,1570,28484.280000000006,16010.549999999992,12473.730000000009,0.4379162822441012
"2025-09-28",2025,3,9,September,28,1,Sunday,1578,26131.81000000005,14583.21,11548.600000000008,0.44193647512361317
"2025-09-29",2025,3,9,September,29,2,Monday,1498,25391.040000000037,14200.12000000001,11190.919999999996,0.44074287622720376
"2025-09-30",2025,3,9,September,30,3,Tuesday,1494,25783.01000000001,14496.399999999994,11286.610000000017,0.4377537766149109
"2025-10-01",2025,4,10,October,1,4,Wednesday,1589,26846.55000000006,15131.190000000004,11715.36,0.43638232845561065
"2025-10-02",2025,4,10,October,2,5,Thursday,1568,26313.570000000018,14906.790000000006,11406.780000000026,0.4334942009009047
"2025-10-03",2025,4,10,October,3,6,Friday,1579,28139.770000000026,15593.159999999996,12546.609999999999,0.44586753907370197
"2025-10-04",2025,4,10,October,4,7,Saturday,1483,26339.140000000032,14917.030000000004,11422.11000000002,0.43365538890032124
"2025-10-05",2025,4,10,October,5,1,Sunday,1576,28402.450000000023,15950.479999999998,12451.970000000007,0.4384118271487142
"2025-10-06",2025,4,10,October,6,2,Monday,1570,26542.29000000002,15017.589999999993,11524.699999999999,0.4342014196966423
"2025-10-07",2025,4,10,October,7,3,Tuesday,1635,27729.140000000058,15589.059999999992,12140.080000000007,0.4378094668640997
"2025-10-08",2025,4,10,October,8,4,Wednesday,1508,26653.170000000053,14873.660000000013,11779.510000000011,0.4419553096310866
"2025-10-09",2025,4,10,October,9,5,Thursday,1561,26692.900000000016,15115.839999999998,11577.060000000012,0.43371308475287457
"2025-10-10",2025,4,10,October,10,6,Friday,1552,26596.110000000015,15044.270000000015,11551.840000000006,0.43434321786155944
"2025-10-11",2025,4,10,October,11,7,Saturday,1460,24433.699999999993,13833.20000000002,10600.500000000004,0.4338475138845122
"2025-10-12",2025,4,10,October,12,1,Sunday,1486,25491.220000000023,14400.759999999984,11090.460000000012,0.43506980050385985
"2025-10-13",2025,4,10,October,13,2,Monday,1565,27461.51999999999,15362.000000000002,12099.52,0.44059906370805424
"2025-10-14",2025,4,10,October,14,3,Tuesday,1657,29093.600000000046,16375.320000000005,12718.280000000004,0.4371504385844304
"2025-10-15",2025,4,10,October,15,4,Wednesday,1576,28379.130000000034,15744.619999999999,12634.509999999998,0.44520427511343663
"2025-10-16",2025,4,10,October,16,5,Thursday,1383,24144.810000000027,13714.669999999982,10430.140000000014,0.4319826911042167
"2025-10-17",2025,4,10,October,17,6,Friday,1650,27997.15000000005,15641.60999999999,12355.540000000012,0.44131420519588566
"2025-10-18",2025,4,10,October,18,7,Saturday,1608,27606.680000000015,15368.550000000003,12238.129999999994,0.4433032150189732
"2025-10-19",2025,4,10,October,19,1,Sunday,1629,28643.250000000076,16116.399999999998,12526.850000000002,0.4373403856056826
"2025-10-20",2025,4,10,October,20,2,Monday,1565,27279.640000000018,15189.579999999984,12090.060000000012,0.44318986614192873
"2025-10-21",2025,4,10,October,21,3,Tuesday,1519,25956.140000000058,14732.519999999995,11223.62,0.4324071298737014
"2025-10-22",2025,4,10,October,22,4,Wednesday,1634,27972.370000000028,15899.989999999998,12072.380000000003,0.4315823078273307
"2025-10-23",2025,4,10,October,23,5,Thursday,1517,25660.900000000038,14465.300000000001,11195.599999999999,0.4362902314416089
"2025-10-24",2025,4,10,October,24,6,Friday,1486,26072.86999999999,14559.799999999996,11513.07,0.44157279194810556
"2025-10-25",2025,4,10,October,25,7,Saturday,1738,29839.13000000002,16917.179999999993,12921.950000000006,0.43305384573879996
"2025-10-26",2025,4,10,October,26,1,Sunday,1581,26301.57,14843.480000000007,11458.089999999998,0.43564281523878606
"2025-10-27",2025,4,10,October,27,2,Monday,1613,28938.60999999998,16211.790000000017,12726.820000000003,0.4397868453253288
"2025-10-28",2025,4,10,October,28,3,Tuesday,1498,26527.560000000016,14917.349999999997,11610.210000000021,0.4376659594776155
"2025-10-29",2025,4,10,October,29,4,Wednesday,1530,27917.460000000014,15540.180000000002,12377.279999999999,0.44335265457530854
"2025-10-30",2025,4,10,October,30,5,Thursday,1621,28257.400000000027,15921.669999999998,12335.730000000001,0.43654865628118616
"2025-10-31",2025,4,10,October,31,6,Friday,1415,25230.990000000027,14169.059999999994,11061.930000000011,0.43842631620875755
"2025-11-01",2025,4,11,November,1,7,Saturday,1490,25207.490000000023,14270.359999999991,10937.130000000012,0.4338841352312349
"2025-11-02",2025,4,11,November,2,1,Sunday,1511,26482.920000000035,14951.299999999996,11531.620000000012,0.4354361226027944
"2025-11-03",2025,4,11,November,3,2,Monday,1577,27076.449999999997,15376.18,11700.270000000008,0.43211979413844903
"2025-11-04",2025,4,11,November,4,3,Tuesday,1539,26581.60000000005,15041.850000000013,11539.75,0.43412548529810013
"2025-11-05",2025,4,11,November,5,4,Wednesday,1558,27138.170000000013,15307.23000000002,11830.940000000013,0.4359520188723119
"2025-11-06",2025,4,11,November,6,5,Thursday,1542,26040.20000000002,14764.48999999999,11275.710000000001,0.4330116512161962
"2025-11-07",2025,4,11,November,7,6,Friday,1637,28246.93000000002,16077.120000000014,12169.810000000023,0.430836554627353
"2025-11-08",2025,4,11,November,8,7,Saturday,1626,27873.83000000003,15850.429999999995,12023.400000000018,0.43135084055546025
"2025-11-09",2025,4,11,November,9,1,Sunday,1499,26418.690000000006,14813.88,11604.81000000001,0.4392651565993623
"2025-11-10",2025,4,11,November,10,2,Monday,1613,28431.680000000048,16014.2,12417.480000000012,0.43674802192483847
"2025-11-11",2025,4,11,November,11,3,Tuesday,1658,29929.140000000025,16875.909999999985,13053.230000000001,0.43613782420744435
"2025-11-12",2025,4,11,November,12,4,Wednesday,1622,28127.89000000005,15996.939999999982,12130.950000000019,0.43127835042017004
"2025-11-13",2025,4,11,November,13,5,Thursday,1512,26534.77000000003,14974.479999999996,11560.290000000008,0.4356657321695268
"2025-11-14",2025,4,11,November,14,6,Friday,1444,24609.500000000033,13947.47000000001,10662.030000000015,0.43324854222962683
"2025-11-15",2025,4,11,November,15,7,Saturday,1545,26748.410000000014,15059.20999999999,11689.200000000015,0.4370054145274433
"2025-11-16",2025,4,11,November,16,1,Sunday,1443,24791.89000000005,13857.769999999997,10934.120000000004,0.44103616142214175
"2025-11-17",2025,4,11,November,17,2,Monday,1531,26784.620000000017,15247.139999999996,11537.480000000005,0.43075018424752703
"2025-11-18",2025,4,11,November,18,3,Tuesday,1467,25626.740000000038,14469.180000000002,11157.560000000003,0.4353874117425777
"2025-11-19",2025,4,11,November,19,4,Wednesday,1467,25301.770000000004,14297.579999999996,11004.190000000011,0.43491779428870037
"2025-11-20",2025,4,11,November,20,5,Thursday,1496,26428.640000000018,14817.420000000011,11611.22000000001,0.43934231954425207
"2025-11-21",2025,4,11,November,21,6,Friday,1618,26609.46000000002,15130.679999999991,11478.779999999999,0.4313796672311272
"2025-11-22",2025,4,11,November,22,7,Saturday,1513,25713.790000000008,14535.379999999996,11178.410000000007,0.4347243249633758
"2025-11-23",2025,4,11,November,23,1,Sunday,1562,29068.040000000026,16136.229999999998,12931.810000000021,0.44488070059075224
"2025-11-24",2025,4,11,November,24,2,Monday,1404,24900.23000000001,14116.569999999992,10783.660000000005,0.4330747145709096
"2025-11-25",2025,4,11,November,25,3,Tuesday,1609,28859.02000000006,16284.309999999998,12574.709999999997,0.43572893327631956
"2025-11-26",2025,4,11,November,26,4,Wednesday,1597,28777.31000000004,16164.320000000007,12612.989999999989,0.4382963522302804
"2025-11-27",2025,4,11,November,27,5,Thursday,1519,26115.45000000001,14618.080000000009,11497.370000000006,0.44025165179998815
"2025-11-28",2025,4,11,November,28,6,Friday,1562,27299.900000000027,15400.809999999981,11899.090000000007,0.43586569914175494
"2025-11-29",2025,4,11,November,29,7,Saturday,1549,28056.960000000043,15613.919999999987,12443.040000000015,0.4434920960788338
"2025-11-30",2025,4,11,November,30,1,Sunday,1602,28480.580000000027,15940.989999999996,12539.590000000006,0.4402856262056459
"2025-12-01",2025,4,12,December,1,2,Monday,1598,28139.48000000001,15827.300000000008,12312.180000000004,0.43754113437774966
"2025-12-02",2025,4,12,December,2,3,Tuesday,1533,26793.160000000025,15215.919999999984,11577.240000000002,0.43209684859867187
"2025-12-03",2025,4,12,December,3,4,Wednesday,1477,25031.20000000001,14229.829999999994,10801.370000000004,0.43151626769791296
"2025-12-04",2025,4,12,December,4,5,Thursday,1395,24579.70000000004,13702.960000000003,10876.740000000009,0.4425090623563343
"2025-12-05",2025,4,12,December,5,6,Friday,1482,25272.910000000036,14270.660000000014,11002.25000000001,0.43533767975274684
"2025-12-06",2025,4,12,December,6,7,Saturday,1508,25979.72000000003,14564.480000000014,11415.239999999996,0.43939041683282126
"2025-12-07",2025,4,12,December,7,1,Sunday,1560,26494.670000000002,14890.74999999999,11603.919999999996,0.43797186377486474
"2025-12-08",2025,4,12,December,8,2,Monday,1616,28282.460000000017,15883.959999999988,12398.500000000007,0.43838124406434237
"2025-12-09",2025,4,12,December,9,3,Tuesday,1652,28946.38000000004,16450.56000000001,12495.82000000002,0.4316885220189883
"2025-12-10",2025,4,12,December,10,4,Wednesday,1455,25262.140000000025,14053.140000000005,11209.000000000005,0.4437074610464511
"2025-12-11",2025,4,12,December,11,5,Thursday,1639,27768.000000000095,15449.37,12318.630000000005,0.4436268366464982
"2025-12-12",2025,4,12,December,12,6,Friday,1551,27178.190000000006,15327.789999999986,11850.400000000009,0.43602609298117373
"2025-12-13",2025,4,12,December,13,7,Saturday,1553,27381.760000000042,15416.340000000007,11965.420000000004,0.43698505866679077
"2025-12-14",2025,4,12,December,14,1,Sunday,1626,28311.790000000023,15935.36,12376.430000000002,0.4371475629057715
"2025-12-15",2025,4,12,December,15,2,Monday,1598,27694.100000000013,15730.150000000005,11963.950000000019,0.4320035675468787
"2025-12-16",2025,4,12,December,16,3,Tuesday,1537,26646.28000000001,15051.09999999999,11595.180000000008,0.4351519236456272
"2025-12-17",2025,4,12,December,17,4,Wednesday,1528,26235.280000000057,14690.749999999982,11544.52999999999,0.44003837580540267
"2025-12-18",2025,4,12,December,18,5,Thursday,1602,27078.580000000024,15359.449999999992,11719.130000000003,0.4327822950834199
"2025-12-19",2025,4,12,December,19,6,Friday,1551,26359.71000000005,14827.559999999981,11532.150000000014,0.43749153537728575
"2025-12-20",2025,4,12,December,20,7,Saturday,1615,27293.880000000037,15395.37000000001,11898.510000000004,0.43594058448267475
"2025-12-21",2025,4,12,December,21,1,Sunday,1533,26422.700000000008,14902.489999999996,11520.210000000003,0.4359966998073626
"2025-12-22",2025,4,12,December,22,2,Monday,1746,31305.95000000002,17845.280000000013,13460.670000000006,0.4299716188136759
"2025-12-23",2025,4,12,December,23,3,Tuesday,1540,26255.560000000005,14701.489999999985,11554.07,0.44006183833062396
"2025-12-24",2025,4,12,December,24,4,Wednesday,1616,27957.9,15876.19999999999,12081.699999999999,0.4321390376244281
"2025-12-25",2025,4,12,December,25,5,Thursday,1529,26473.44999999999,14906.729999999989,11566.720000000016,0.4369177421152143
"2025-12-26",2025,4,12,December,26,6,Friday,1581,27401.07000000004,15428.579999999998,11972.490000000003,0.43693512698591647
"2025-12-27",2025,4,12,December,27,7,Saturday,1472,26621.610000000015,14831.210000000008,11790.40000000001,0.44288831516951843
"2025-12-28",2025,4,12,December,28,1,Sunday,1539,26780.15000000005,15071.779999999993,11708.370000000004,0.4372033016992057
"2025-12-29",2025,4,12,December,29,2,Monday,1605,26794.940000000042,15093.949999999986,11700.990000000013,0.43668655350599755
"2025-12-30",2025,4,12,December,30,3,Tuesday,1531,26971.000000000007,15249.92999999999,11721.070000000012,0.43458047532534977
"2025-12-31",2025,4,12,December,31,4,Wednesday,1541,27305.53000000005,15426.480000000005,11879.05,0.4350419127554007
